{
  "project_info": {
    "project_number": "112392032877",
    "project_id": "bloodpoint-693b9",
    "storage_bucket": "bloodpoint-693b9.appspot.com"
  },
  "client": [
    {
      "client_info": {
        "mobilesdk_app_id": "1:112392032877:android:debd401450b613b7ef2564",
        "android_client_info": {
          "package_name": "com.android.iunoob.bloodbank"
        }
      },
      "oauth_client": [
        {
          "client_id": "112392032877-478l9qkk2h8abkhhe5giabkbn8qrpon3.apps.googleusercontent.com",
          "client_type": 1,
          "android_info": {
            "package_name": "com.android.iunoob.bloodbank",
            "certificate_hash": "0ff3471091ff79c434dd4a0f6899733c247264c3"
          }
        },
        {
          "client_id": "112392032877-41srqlct3fomntcjd1qol6ehi4do6od3.apps.googleusercontent.com",
          "client_type": 3
        }
      ],
      "api_key": [
        {
          "current_key": "AIzaSyBe-DMMuXBWO6UXpmAzuIm5ZjCtKb3e90Q"
        }
      ],
      "services": {
        "appinvite_service": {
          "other_platform_oauth_client": [
            {
              "client_id": "112392032877-41srqlct3fomntcjd1qol6ehi4do6od3.apps.googleusercontent.com",
              "client_type": 3
            }
          ]
        }
      }
    }
  ],
  "configuration_version": "1"
}